{"SchemaVersion":1,"TemplateType":3,"CardTemplateId":"com.m2m.kpa.testupdate14","BaseCardTemplateId":"com.m2m.kpa.testupdate14","BaseCardTemplateVersion":1,"CardTemplateMinorVersion":1,"Name":"Test Update 14","Icon":"AppIcon.png","Description":"Package for sending incident","ActionClassifications":"default","CardDataFile":"AppModel.json_processed","VisibleInDrawer":true,"IsLocalised":0,"IsPinned":0,"IsInFocus":0,"ForTesting":0,"IsSearchable":0,"ActionScope":"Single","ConversationSelectionType":"UserSelected","ActionForwardPolicy":0,"Views":[{"ChatCanvasCardView":{"ShowResponseCount":1,"ViewType":"Html","ShowExpiry":0,"View":"ChatCardView.json","ContentSubTextField":"Expiry","ResponseQuestionId":-1,"ShowHeader":0,"ShowFooter":0,"IsResponseEditable":0,"ShowComments":0,"ShowReceipts":1,"ShowLikes":0}},{"ResponseResultsView":{"Visible":1,"View":"summeryView.html","iosView":"summeryView.html","ShowNativeToolbar":0,"BackDialogVisibility":1,"BackDialogTitle":"Back to chat","BackDialogDescription":"Do you want to cancel and go back to chat?","ViewType":"Html","ShowCloseCardSection":1,"ShowSendReminderSection":0,"ShowQuestionHeader":1,"LabelPageHeader":"Action","LabelCloseInfo":"Action closes on {0}","LabelActionExpired":"Action is closed","LabelNotResponded":"You have not responded","LabelRespondNow":"Respond now","LabelAddResponse":"Add a new response","LabelQuestions":"ACTION QUESTIONS","LabelCloseAction":"Close Action","LabelShareActionResults":"Share Action results","LabelDuplicateAction":"Duplicate this Action","LabelDuplicateActionSubText":"Copy questions and create a new Action","LabelCloseActionConfirmation":"Are you sure you want to close the action?"}}]}