{ 
    "schemaVersion":2, 
    "schema":{ 
    "type":"container", 
    "initialHeight":300, 
    "layout":"vertical", 
    "children":[ 
    { 
    "type":"text", 
    "paddingLeft":10, 
    "paddingRight":10, 
    "paddingTop":10, 
    "paddingBottom":10, 
    "string":"New Incident alart", 
    "fontSize":18, 
    "fontStyle":"bold", 
    "textColor":"#ffffff", 
    "backgroundColor":"#fcb72d", 
    "textAlignment":"center", 
    "maxNumberOfLines":1, 
    "marginBottom":10 
    }, 
    { 
    "type":"text", 
    "paddingLeft":10, 
    "paddingRight":10, 
    "string":"A new incident has been reported ", 
    "fontSize":18, 
    "fontStyle":"bold", 
    "textColor":"black", 
    "backgroundColor":"#ffffff", 
    "textAlignment":"left", 
    "maxNumberOfLines":2, 
    "marginBottom":3 
    }, 
    { 
        "type":"text", 
        "paddingLeft":10, 
        "paddingRight":10, 
        "paddingTop":10, 
        "paddingBottom":10, 
        "string":"Tap to view details", 
        "fontSize":18, 
        "fontStyle":"bold", 
        "textColor":"#ffffff", 
        "backgroundColor":"#00bfff", 
        "textAlignment":"center", 
        "maxNumberOfLines":2, 
        "marginBottom":10 
        }
    ] 
    } 
    }